{
  "algorithm": "ducb",
  "n_runs": 3,
  "n_days": 5,
  "cohort_seed": 0,
  "timestamp": "2026-06-05T21:57:45.746709",
  "runs": [
    {
      "mean_reward": 0.41919244505494496,
      "osr": 0.44266666666666665,
      "dcr": 0.425,
      "affr": 0.40254183048367925,
      "art": 20.768110255574385
    },
    {
      "mean_reward": 0.4112764957264957,
      "osr": 0.43233333333333335,
      "dcr": 0.4175,
      "affr": 0.39915881868885433,
      "art": 20.670316659583655
    },
    {
      "mean_reward": 0.4036974358974359,
      "osr": 0.4266666666666667,
      "dcr": 0.4101666666666667,
      "affr": 0.3878760171893572,
      "art": 21.51553409770529
    }
  ]
}