{
  "algorithm": "empirical",
  "n_runs": 3,
  "n_days": 5,
  "cohort_seed": 0,
  "timestamp": "2026-06-05T21:57:45.177027",
  "runs": [
    {
      "mean_reward": 0.4490683760683761,
      "osr": 0.4648333333333333,
      "dcr": 0.45316666666666666,
      "affr": 0.43618908292950537,
      "art": 19.454146601900206
    },
    {
      "mean_reward": 0.44251340048840043,
      "osr": 0.4605,
      "dcr": 0.44683333333333336,
      "affr": 0.4335375331443723,
      "art": 19.67516391261787
    },
    {
      "mean_reward": 0.44162142857142855,
      "osr": 0.4578333333333333,
      "dcr": 0.44633333333333336,
      "affr": 0.42993508274663983,
      "art": 20.197428752544795
    }
  ]
}