{
  "algorithm": "static",
  "n_runs": 3,
  "n_days": 5,
  "cohort_seed": 0,
  "timestamp": "2026-06-05T21:57:44.790484",
  "runs": [
    {
      "mean_reward": 0.39402808302808306,
      "osr": 0.421,
      "dcr": 0.401,
      "affr": 0.37644692328792173,
      "art": 21.72709411265424
    },
    {
      "mean_reward": 0.388523489010989,
      "osr": 0.41483333333333333,
      "dcr": 0.3955,
      "affr": 0.3743805431105422,
      "art": 21.88546809275961
    },
    {
      "mean_reward": 0.38693316544566553,
      "osr": 0.41433333333333333,
      "dcr": 0.39366666666666666,
      "affr": 0.3709243851147481,
      "art": 22.25495619536241
    }
  ]
}